{
  "Vienna": [
    16.348388,
    48.198674
  ],
  "Graz": [
    15.432739,
    47.065852
  ],
  "Linz": [
    14.306943,
    48.284136
  ],
  "Salzburg": [
    12.995288,
    47.82287
  ],
  "Innsbruck": [
    11.407851,
    47.272308
  ],
  "Klagenfurt": [
    14.312264,
    46.624778
  ],
  "St. Pölten": [
    15.628799,
    48.208968
  ],
  "Eisenstadt": [
    16.522199,
    47.846682
  ],
  "Bregenz": [
    9.755382,
    47.509753
  ],
  "Lienz": [
    12.764987,
    46.830857
  ]
}